{
    "n_positions": 512,
    "n_embed": 1280,
    "n_layers": 16,
    "n_heads": 5,
    "n_ff": 5120,
    "n_vocab": 32768,
    "act_fn": "DecoderLayer(\n  (mh_attn): MultiHeadAttention(\n    (layer_1): Linear(in_features=1280, out_features=3840, bias=True)\n    (W_o): Linear(in_features=1280, out_features=1280, bias=True)\n  )\n  (mha_dropout): Dropout(p=0.2, inplace=False)\n  (mha_layer_norm): LayerNorm((1280,), eps=1e-05, elementwise_affine=True)\n  (ff_layers): Sequential(\n    (0): Linear(in_features=1280, out_features=5120, bias=True)\n    (1): GELU(approximate='none')\n    (2): Linear(in_features=5120, out_features=1280, bias=True)\n  )\n  (ff_dropout): Dropout(p=0.2, inplace=False)\n  (ff_layer_norm): LayerNorm((1280,), eps=1e-05, elementwise_affine=True)\n)",
    "dropout": "unknown",
    "stats": {
        "iter_through": 3000,
        "tok_through": 196608000,
        "losses": [
            10.75,
            10.375,
            9.9375,
            9.875,
            9.75,
            9.6875,
            9.6875,
            9.3125,
            9.375,
            9.125,
            9.4375,
            9.3125,
            9.0625,
            8.875,
            8.9375,
            9.0,
            8.75,
            8.625,
            8.8125,
            8.8125,
            8.75,
            8.5625,
            8.5,
            8.6875,
            8.5,
            8.4375,
            8.3125,
            8.5,
            8.25,
            7.9375,
            7.90625,
            8.125,
            7.90625,
            8.0625,
            7.75,
            7.875,
            7.875,
            7.9375,
            7.53125,
            7.78125,
            7.375,
            7.4375,
            7.125,
            7.78125,
            7.71875,
            7.4375,
            7.3125,
            7.34375,
            7.5,
            7.21875,
            7.21875,
            7.3125,
            7.15625,
            7.15625,
            7.15625,
            7.25,
            6.90625,
            7.34375,
            6.78125,
            6.90625
        ],
        "tok_snap": 1835008,
        "time_snap": 1750050028.6427045,
        "run_time_start": 1750048650.5592325,
        "run_tok_through": 196608000,
        "run_iter_through": 3000
    }
}