{
    "n_positions": 128,
    "n_embed": 1280,
    "n_layers": 16,
    "n_heads": 5,
    "n_ff": 5120,
    "n_vocab": 32768,
    "act_fn": "DecoderLayer(\n  (mh_attn): MultiHeadAttention(\n    (layer_1): Linear(in_features=1280, out_features=3840, bias=True)\n    (W_o): Linear(in_features=1280, out_features=1280, bias=True)\n  )\n  (mha_dropout): Dropout(p=0.2, inplace=False)\n  (mha_layer_norm): LayerNorm((1280,), eps=1e-05, elementwise_affine=True)\n  (ff_layers): Sequential(\n    (0): Linear(in_features=1280, out_features=5120, bias=True)\n    (1): GELU(approximate='none')\n    (2): Linear(in_features=5120, out_features=1280, bias=True)\n  )\n  (ff_dropout): Dropout(p=0.2, inplace=False)\n  (ff_layer_norm): LayerNorm((1280,), eps=1e-05, elementwise_affine=True)\n)",
    "dropout": "unknown",
    "stats": {
        "iter_through": 8350,
        "tok_through": 547225600,
        "losses": [
            9.6875,
            9.125,
            9.625,
            8.9375,
            8.8125,
            8.6875,
            8.5625,
            8.6875,
            8.25,
            8.5,
            8.4375,
            8.1875,
            8.875,
            8.125,
            8.3125,
            7.90625,
            7.90625,
            7.6875,
            7.96875,
            7.875,
            7.75,
            7.65625,
            8.0,
            7.8125,
            7.59375,
            7.625,
            7.5,
            7.65625,
            7.375,
            7.28125,
            7.09375,
            7.03125,
            7.34375,
            7.0,
            7.125,
            7.59375,
            6.3125,
            7.15625,
            7.28125,
            6.46875,
            6.8125,
            6.78125,
            7.09375,
            6.96875,
            6.59375,
            6.84375,
            6.8125,
            6.4375,
            6.25,
            6.6875,
            6.1875,
            5.8125,
            6.375,
            6.21875,
            6.5,
            6.03125,
            6.3125,
            6.03125,
            5.6875,
            6.3125,
            6.09375,
            6.3125,
            5.9375,
            6.53125,
            6.0625,
            5.84375,
            5.875,
            6.1875,
            5.6875,
            5.5,
            6.0625,
            6.0,
            5.8125,
            5.78125,
            6.1875,
            5.46875,
            5.8125,
            6.125,
            6.0625,
            5.40625,
            5.875,
            5.59375,
            5.96875,
            5.21875,
            5.78125,
            5.65625,
            5.53125,
            5.46875,
            5.5625,
            5.90625,
            5.28125,
            5.90625,
            5.875,
            5.84375,
            5.28125,
            5.3125,
            5.0,
            5.6875,
            5.65625,
            5.25,
            5.5625,
            5.3125,
            5.96875,
            4.875,
            5.15625,
            5.03125,
            5.65625,
            5.40625,
            5.46875,
            5.09375,
            5.59375,
            5.40625,
            5.25,
            4.8125,
            5.375,
            5.625,
            5.15625,
            5.25,
            5.25,
            5.90625,
            5.28125,
            5.15625,
            5.1875,
            5.375,
            5.0625,
            5.4375,
            5.0625,
            5.53125,
            5.15625,
            5.375,
            5.5625,
            5.40625,
            5.25,
            5.65625,
            4.78125,
            5.03125,
            4.59375,
            5.09375,
            4.4375,
            5.375,
            5.15625,
            5.125,
            4.46875,
            5.09375,
            5.09375,
            5.25,
            4.53125,
            5.09375,
            4.875,
            4.90625,
            5.0,
            5.3125,
            4.9375,
            4.875,
            4.71875,
            5.15625,
            4.875,
            5.3125,
            5.71875,
            4.53125,
            5.15625,
            4.8125,
            5.25,
            4.59375,
            5.0625,
            5.125,
            4.5625
        ],
        "tok_snap": 6291456,
        "time_snap": 1750060613.0588872,
        "run_time_start": 1750056878.8948128,
        "run_tok_through": 547225600,
        "run_iter_through": 8350
    }
}